Workbook

Sheet Lisez-moi
B2: Conformément au règlement délégué (UE) 2024/1417, les coefficients de production standard utilisés pour déterminer l'Otex et la taille économique des exploitations agricoles de l'enquête sur la structure des exploitations en 2023 ont été révisés par rapport aux coefficients utilisés pour le recensement agricole 2020. Ces nouveaux coefficients « 2020 » ont été calculés en considérant la moyenne des années 2018 à 2022 (« 2020 » faisant donc référence à l'année centrale de cette moyenne), et non plus les années 2015-2019 comme précédemment. En règle générale, on a privilégié la continuité avec les choix méthodologiques opérés pour le calcul des coefficients 2017. L'évolution des coefficients reflète donc essentiellement l'évolution des prix moyens entre la période 2015-2019 et 2018-2022, et éventuellement les évolutions de rendement entre ces deux périodes. Pour les cultures, le coefficient représente le potentiel de production annuel d’un hectare, ce coefficient intègre la possibilité de réaliser plusieurs cultures en un an pour le maraîchage. Deux coefficients « végétaux » sont exprimés dans une unité différente. Les champignons (pour 100 m²) et les chicons (par tonne). Pour les animaux, les coefficients sont exprimés par tête ou pour 100 têtes (ou par ruche), ils intégrent la production liée au croît de l'animal, à sa reproduction ou aux produits animaux (lait, oeufs). Afin d’éviter les doubles comptes entre la mère et ses petits, le coefficient des mères intègre le potentiel de production lié à la reproduction. Les coefficients pour les jeunes animaux, agneaux, porcelets, chevreaux) ne sont utilisés qu’en l’absence de mère (ou pour chaque espèce, pour le nombre de jeunes animaux excédant le nombre de mères sur une exploitation). Pour calculer ces coefficients de nombreuses données ont été mobilisées : celles de la statistique agricole annuelle (pour les rendements et la répartition des différentes productions notamment), les données du réseau d’information comptable agricole (pour les prix de commercialisation), les données de cotations, les données des instituts techniques ou encore l’interrogation directe de représentants de filières. Les coefficients sont calculés par ancienne région (échelon 2 dans nomenclature des unités territoriales statistiques européenne). Dans le cas où la culture est peu présente (ou absente) dans une région ou dans le cas où l’information disponible ne permet pas de calculer un coefficient précis à l’échelle de la région, le calcul peut être national ou supra régional. La moyenne nationale, ou la moyenne sur une partie du territoire, a ainsi pu être appliquée sur des territoires où la production est peu présente (vin dans certaines régions par exemple). Cette convention, aux conséquences faibles si la production est peu répandue est préférable à celle qui consisterait à ne pas mettre de coefficient pour ces couples de production*région: elle permet en efet une valorisation « moyenne » des productions (cas des nouveaux producteurs sur un territoire) préférable à une absence de valorisation. Les coefficients sur les équidés et les chicons, non prévus par le règlement européen ont été calculés pour une valorisation des résultats de l’ensemble des exploitations agricoles couvertes par ESEA 2023.

Sheet CPS 2020
A1: Code Produit | B1: Libellé produit | C1: Unité | D1: Région | E1: Valeur du coefficient de production standard (CPS) 2020
A2: A2010 | B2: Bovins de moins de 1 an | C2: par tête | D2: Alsace | E2: 766.96
A3: A2010 | B3: Bovins de moins de 1 an | C3: par tête | D3: Aquitaine | E3: 759.76
A4: A2010 | B4: Bovins de moins de 1 an | C4: par tête | D4: Auvergne | E4: 831.83
A5: A2010 | B5: Bovins de moins de 1 an | C5: par tête | D5: Basse-Normandie | E5: 680.75
A6: A2010 | B6: Bovins de moins de 1 an | C6: par tête | D6: Bourgogne | E6: 863.35
A7: A2010 | B7: Bovins de moins de 1 an | C7: par tête | D7: Bretagne | E7: 614.33
A8: A2010 | B8: Bovins de moins de 1 an | C8: par tête | D8: Centre-Val de Loire | E8: 821.12
A9: A2010 | B9: Bovins de moins de 1 an | C9: par tête | D9: Champagne-Ardenne | E9: 834.75
A10: A2010 | B10: Bovins de moins de 1 an | C10: par tête | D10: Corse | E10: 690.3
A11: A2010 | B11: Bovins de moins de 1 an | C11: par tête | D11: Franche-Comté | E11: 777.14
A12: A2010 | B12: Bovins de moins de 1 an | C12: par tête | D12: Guadeloupe | E12: 606
A13: A2010 | B13: Bovins de moins de 1 an | C13: par tête | D13: Guyane | E13: 616.1
... A2593: X0000T | B2593: Arbres de Noël | C2593: par ha | D2593: Rhône-Alpes | E2593: 12995
B2594: Équidés | C2594: par tête | D2594: Alsace | E2594: 1900
B2595: Chicons | C2595: par tonne | D2595: Alsace | E2595: 116
B2596: Équidés | C2596: par tête | D2596: Aquitaine | E2596: 1200
B2597: Chicons | C2597: par tonne | D2597: Aquitaine | E2597: 116
B2598: Équidés | C2598: par tête | D2598: Auvergne | E2598: 1200
B2599: Chicons | C2599: par tonne | D2599: Auvergne | E2599: 116
B2600: Équidés | C2600: par tête | D2600: Basse-Normandie | E2600: 2400
B2601: Chicons | C2601: par tonne | D2601: Basse-Normandie | E2601: 116
B2602: Équidés | C2602: par tête | D2602: Bourgogne | E2602: 1900
B2603: Chicons | C2603: par tonne | D2603: Bourgogne | E2603: 116
B2604: Équidés | C2604: par tête | D2604: Bretagne | E2604: 1900
B2605: Chicons | C2605: par tonne | D2605: Bretagne | E2605: 116
... B2647: Chicons | C2647: par tonne | D2647: Rhône-Alpes | E2647: 116

Sheet tcd
A1: Unité | B1: par ha
A3: Somme de Valeur du coefficient de production standard (CPS) 2020 | B3: Étiquettes de colonnes
A4: Étiquettes de lignes | B4: Provence-Alpes-Côte d'Azur | C4: Rhône-Alpes | D4: Total général
A5: ARA99T_ARA09S | B5: 3635.72 | C5: 5566.02 | D5: 9201.74
A6: C1110T | B6: 738.93 | C6: 1312.61 | D6: 2051.54
A7: C1120T | B7: 988.15 | C7: 1453.95 | D7: 2442.1
A8: C1200T | B8: 442.92 | C8: 626.25 | D8: 1069.17
A9: C1300T | B9: 642.6 | C9: 1003.85 | D9: 1646.45
A10: C1400T | B10: 402.57 | C10: 646.21 | D10: 1048.78
A11: C1500T | B11: 1523.62 | C11: 1567.37 | D11: 3090.99
A12: C1600T_C1700T_C1900T | B12: 707.09 | C12: 991.53 | D12: 1698.62
A13: C2000T | B13: 2269.85 | C13: 2250.88 | D13: 4520.73
A14: E0000T | B14: 3635.72 | C14: 5566.02 | D14: 9201.74
A15: F0000T | B15: 29700.21 | C15: 10526.06 | D15: 40226.27
A16: F1000T | B16: 30804.14 | C16: 19025.6 | D16: 49829.74
... A72: Total général | B72: 1184265.4 | C72: 1147815.6 | D72: 2332081

Sheet cps_scot
A1: Étiquettes de lignes | B1: Libellé produit | C1: Provence-Alpes-Côte d'Azur | D1: Rhône-Alpes
A2: ARA99T_ARA09S | B2: =VLOOKUP(A2,'CPS 2020'!A1:E2593,2,) -> Autres cultures de terres arables | C2: 3635.72 | D2: 5566.02
A3: C1110T | B3: =VLOOKUP(A3,'CPS 2020'!A2:E2594,2,) -> Blé tendre et épeautre | C3: 738.93 | D3: 1312.61
A4: C1120T | B4: =VLOOKUP(A4,'CPS 2020'!A3:E2595,2,) -> Blé dur | C4: 988.15 | D4: 1453.95
A5: C1200T | B5: =VLOOKUP(A5,'CPS 2020'!A4:E2596,2,) -> Seigle | C5: 442.92 | D5: 626.25
A6: C1300T | B6: =VLOOKUP(A6,'CPS 2020'!A5:E2597,2,) -> Orge | C6: 642.6 | D6: 1003.85
A7: C1400T | B7: =VLOOKUP(A7,'CPS 2020'!A6:E2598,2,) -> Avoine | C7: 402.57 | D7: 646.21
A8: C1500T | B8: =VLOOKUP(A8,'CPS 2020'!A7:E2599,2,) -> Maïs grain | C8: 1523.62 | D8: 1567.37
A9: C1600T_C1700T_C1900T | B9: =VLOOKUP(A9,'CPS 2020'!A8:E2600,2,) -> Autres céréales | C9: 707.09 | D9: 991.53
A10: C2000T | B10: =VLOOKUP(A10,'CPS 2020'!A9:E2601,2,) -> Riz | C10: 2269.85 | D10: 2250.88
A11: E0000T | B11: =VLOOKUP(A11,'CPS 2020'!A10:E2602,2,) -> Semences et plants de terres arables | C11: 3635.72 | D11: 5566.02
A12: F0000T | B12: =VLOOKUP(A12,'CPS 2020'!A11:E2603,2,) -> Fruits | C12: 29700.21 | D12: 10526.06
A13: F1000T | B13: =VLOOKUP(A13,'CPS 2020'!A12:E2604,2,) -> Espèces fruitières d'origine tempérée | C13: 30804.14 | D13: 19025.6
... A69: X0000T | B69: =VLOOKUP(A69,'CPS 2020'!A68:E2660,2,) -> Arbres de Noël | C69: 12995 | D69: 12995

Sheet Région Scot
A1: Code Produit | B1: Libellé produit | C1: Unité | D1: Région | E1: Valeur du coefficient de production standard (CPS) 2020
A2: ARA99T_ARA09S | B2: Autres cultures de terres arables | C2: par ha | D2: Provence-Alpes-Côte d'Azur | E2: 3635.72
A3: ARA99T_ARA09S | B3: Autres cultures de terres arables | C3: par ha | D3: Rhône-Alpes | E3: 5566.02
A4: C1110T | B4: Blé tendre et épeautre | C4: par ha | D4: Provence-Alpes-Côte d'Azur | E4: 738.93
A5: C1110T | B5: Blé tendre et épeautre | C5: par ha | D5: Rhône-Alpes | E5: 1312.61
A6: C1120T | B6: Blé dur | C6: par ha | D6: Provence-Alpes-Côte d'Azur | E6: 988.15
A7: C1120T | B7: Blé dur | C7: par ha | D7: Rhône-Alpes | E7: 1453.95
A8: C1200T | B8: Seigle | C8: par ha | D8: Provence-Alpes-Côte d'Azur | E8: 442.92
A9: C1200T | B9: Seigle | C9: par ha | D9: Rhône-Alpes | E9: 626.25
A10: C1300T | B10: Orge | C10: par ha | D10: Provence-Alpes-Côte d'Azur | E10: 642.6
A11: C1300T | B11: Orge | C11: par ha | D11: Rhône-Alpes | E11: 1003.85
A12: C1400T | B12: Avoine | C12: par ha | D12: Provence-Alpes-Côte d'Azur | E12: 402.57
A13: C1400T | B13: Avoine | C13: par ha | D13: Rhône-Alpes | E13: 646.21
... A137: X0000T | B137: Arbres de Noël | C137: par ha | D137: Rhône-Alpes | E137: 12995
